block,Trialtype,withinblocktrial,RTdec,resp,cor,dots direction,cor_resp,coherence,Staircase_number,staircase output coherence,sub,age,gender,handedness,
0,Training - easy,0,0.4570124999154359,['e'],1,0,right,0.8,,,0,30,Man,Right,
0,Training - easy,1,0.5148539000656456,['e'],1,0,right,0.8,,,0,30,Man,Right,
0,Training - easy,2,0.43343150010332465,['q'],1,180,left,0.8,,,0,30,Man,Right,
0,Training - easy,3,0.4168388000689447,['q'],1,180,left,0.8,,,0,30,Man,Right,
0,Training - easy,4,0.36676639993675053,['e'],1,0,right,0.8,,,0,30,Man,Right,
0,Training - hard,0,0.5524373000953346,['q'],1,180,left,0.4,,,0,30,Man,Right,
0,Training - hard,1,0.4831466998439282,['q'],1,180,left,0.4,,,0,30,Man,Right,
0,Training - hard,2,0.44998739985749125,['e'],1,0,right,0.4,,,0,30,Man,Right,
0,Training - hard,3,0.3841021000407636,['e'],1,0,right,0.4,,,0,30,Man,Right,
0,Training - hard,4,0.40031099994666874,['e'],1,0,right,0.4,,,0,30,Man,Right,
0,Staircase,1,0.630691000027582,['e'],1,0,,0.19166666666666668,0,,0,30,Man,Right,
0,Staircase,2,0.4175309999845922,['e'],1,0,,0.7166666666666667,0,,0,30,Man,Right,
0,Staircase,3,0.42887590010650456,['e'],1,0,,0.9833333333333333,0,,0,30,Man,Right,
0,Staircase,4,0.4210888999514282,['e'],1,0,,0.20833333333333334,0,,0,30,Man,Right,
0,Staircase,5,0.6158814998343587,['q'],1,180,,0.20833333333333334,0,,0,30,Man,Right,
0,Staircase,6,0.41939679998904467,['e'],1,0,,0.9416666666666667,0,,0,30,Man,Right,
0,Staircase,7,0.42455610004253685,['e'],1,0,,0.9833333333333333,0,,0,30,Man,Right,
0,Staircase,8,0.4963225000537932,['q'],0,0,,0.19166666666666668,0,,0,30,Man,Right,
0,Staircase,9,0.9470955999568105,['e'],1,0,,0.15,0,,0,30,Man,Right,
0,Staircase,10,1.0458559999242425,['q'],1,180,,0.8166666666666667,0,,0,30,Man,Right,
0,Staircase,11,0.4845554002095014,['q'],1,180,,0.9166666666666666,0,,0,30,Man,Right,
0,Staircase,12,0.36207400006242096,['e'],1,0,,0.7,0,,0,30,Man,Right,
0,Staircase,13,0.41086199996061623,['e'],1,0,,0.5583333333333333,0,,0,30,Man,Right,
0,Staircase,14,0.8467107999604195,['e'],0,180,,0.10833333333333334,0,,0,30,Man,Right,
0,Staircase,15,0.42796689993701875,['q'],1,180,,0.9416666666666667,0,,0,30,Man,Right,
0,Staircase,16,0.4422369000967592,['e'],0,180,,0.10833333333333334,0,,0,30,Man,Right,
0,Staircase,17,0.5636102999560535,['q'],1,180,,0.8166666666666667,0,,0,30,Man,Right,
0,Staircase,18,1.0612826999276876,['q'],0,0,,0.06666666666666667,0,,0,30,Man,Right,
0,Staircase,19,0.42480710009112954,['q'],1,180,,0.9,0,,0,30,Man,Right,
0,Staircase,20,0.5086336999665946,['q'],1,180,,0.7,0,,0,30,Man,Right,
0,Staircase,21,0.5099555999040604,['e'],1,0,,0.8,0,,0,30,Man,Right,
0,Staircase,22,0.7111126999370754,['q'],0,0,,0.008333333333333333,0,,0,30,Man,Right,
0,Staircase,23,0.6304134998936206,['q'],1,180,,0.2916666666666667,0,,0,30,Man,Right,
0,Staircase,24,0.40813560015521944,['e'],1,0,,0.5166666666666667,0,,0,30,Man,Right,
0,Staircase,25,0.40725120017305017,['e'],1,0,,0.5333333333333333,0,,0,30,Man,Right,
0,Staircase,26,0.8809605999849737,['e'],0,180,,0.09166666666666666,0,,0,30,Man,Right,
0,Staircase,27,0.5498734000138938,['e'],1,0,,0.4166666666666667,0,,0,30,Man,Right,
0,Staircase,28,0.5011271999683231,['e'],1,0,,0.9416666666666667,0,,0,30,Man,Right,
0,Staircase,29,2.6658124001696706,['q'],0,0,,0.008333333333333333,0,,0,30,Man,Right,
0,Staircase,30,0.864039400126785,['e'],1,0,,0.875,0,,0,30,Man,Right,
0,Staircase,31,0.724895799998194,['e'],0,180,,0.13333333333333333,0,,0,30,Man,Right,
0,Staircase,32,0.4420765000395477,['q'],1,180,,0.9583333333333334,0,,0,30,Man,Right,
0,Staircase,33,0.6091340999118984,['e'],1,0,,0.275,0,,0,30,Man,Right,
0,Staircase,34,0.5497049000114202,['e'],1,0,,0.31666666666666665,0,,0,30,Man,Right,
0,Staircase,35,0.5858954000286758,['e'],1,0,,0.6,0,,0,30,Man,Right,
0,Staircase,36,0.4652402000501752,['e'],1,0,,0.23333333333333334,0,,0,30,Man,Right,
0,Staircase,37,0.5337449999060482,['q'],1,180,,0.6,0,,0,30,Man,Right,
0,Staircase,38,0.46988900005817413,['e'],1,0,,0.475,0,,0,30,Man,Right,
0,Staircase,39,0.8912730999290943,['q'],1,180,,0.575,0,,0,30,Man,Right,
0,Staircase,40,0.6529492998961359,['q'],1,180,,0.8,0,,0,30,Man,Right,
0,Staircase,41,0.49158660019747913,['e'],1,0,,0.7,0,,0,30,Man,Right,
0,Staircase,42,0.5171635001897812,['e'],1,0,,0.23333333333333334,0,,0,30,Man,Right,
0,Staircase,43,0.5191714998800308,['e'],1,0,,0.43333333333333335,0,,0,30,Man,Right,
0,Staircase,44,0.5006397999823093,['q'],1,180,,0.6,0,,0,30,Man,Right,
0,Staircase,45,0.4670944001991302,['e'],1,0,,0.43333333333333335,0,,0,30,Man,Right,
0,Staircase,46,0.735158400144428,['e'],1,0,,0.19166666666666668,0,,0,30,Man,Right,
0,Staircase,47,1.3722669000271708,['e'],1,0,,0.8583333333333333,0,,0,30,Man,Right,
0,Staircase,48,0.5004309001378715,['q'],1,180,,0.6166666666666667,0,,0,30,Man,Right,
0,Staircase,49,0.5276917000301182,['e'],1,0,,0.9,0,,0,30,Man,Right,
0,Staircase,50,0.5188116000499576,['e'],1,0,,0.4166666666666667,0,,0,30,Man,Right,
0,Staircase,51,0.48204610007815063,['q'],1,180,,1.0,0,,0,30,Man,Right,
0,Staircase,52,0.4930650000460446,['e'],1,0,,0.19166666666666668,0,,0,30,Man,Right,
0,Staircase,53,0.48336909990757704,['e'],1,0,,0.6333333333333333,0,,0,30,Man,Right,
0,Staircase,54,0.5475614999886602,['q'],1,180,,0.13333333333333333,0,,0,30,Man,Right,
0,Staircase,55,0.4878547000698745,['e'],1,0,,0.675,0,,0,30,Man,Right,
0,Staircase,56,1.3186427999753505,['q'],1,180,,0.10833333333333334,0,,0,30,Man,Right,
0,Staircase,57,0.6544232999440283,['q'],1,180,,0.575,0,,0,30,Man,Right,
0,Staircase,58,0.4740349999628961,['q'],1,180,,0.9583333333333334,0,,0,30,Man,Right,
0,Staircase,59,0.46095109987072647,['e'],1,0,,0.7166666666666667,0,,0,30,Man,Right,
0,Staircase,60,0.4546031001955271,['e'],1,0,,0.9,0,,0,30,Man,Right,
0,Staircase,61,0.4208626998588443,['e'],1,0,,0.6583333333333333,0,,0,30,Man,Right,
0,Staircase,62,0.47513079992495477,['q'],1,180,,0.5583333333333333,0,,0,30,Man,Right,
0,Staircase,63,0.39674699981696904,['e'],1,0,,0.6333333333333333,0,,0,30,Man,Right,
0,Staircase,64,0.414136900100857,['q'],1,180,,0.7583333333333333,0,,0,30,Man,Right,
0,Staircase,65,1.0152179999276996,['e'],1,0,,0.13333333333333333,0,,0,30,Man,Right,
0,Staircase,66,0.4443783999886364,['q'],1,180,,0.5166666666666667,0,,0,30,Man,Right,
0,Staircase,67,0.6897931001149118,['q'],1,180,,0.13333333333333333,0,,0,30,Man,Right,
0,Staircase,68,0.5051484000869095,['q'],0,0,,0.19166666666666668,0,,0,30,Man,Right,
0,Staircase,69,0.49322799989022315,['e'],1,0,,0.8416666666666667,0,,0,30,Man,Right,
0,Staircase,70,1.1054138999897987,['e'],1,0,,0.35,0,,0,30,Man,Right,
0,Staircase,71,0.5104636000469327,['e'],1,0,,0.6166666666666667,0,,0,30,Man,Right,
0,Staircase,72,0.7200668000150472,['e'],1,0,,0.9416666666666667,0,,0,30,Man,Right,
0,Staircase,73,0.636800300097093,['q'],1,180,,0.6333333333333333,0,,0,30,Man,Right,
0,Staircase,74,0.5811895001679659,['q'],1,180,,0.7,0,,0,30,Man,Right,
0,Staircase,75,1.0719712001737207,['e'],1,0,,0.06666666666666667,0,,0,30,Man,Right,
0,Staircase,76,0.7862374999094754,['e'],1,0,,0.19166666666666668,0,,0,30,Man,Right,
0,Staircase,77,0.45973729994148016,['q'],1,180,,0.7583333333333333,0,,0,30,Man,Right,
0,Staircase,78,0.44170950003899634,['e'],1,0,,0.2916666666666667,0,,0,30,Man,Right,
0,Staircase,79,0.4825736000202596,['e'],1,0,,0.4583333333333333,0,,0,30,Man,Right,
0,Staircase,80,0.7910492999944836,['e'],1,0,,0.008333333333333333,0,,0,30,Man,Right,
0,Staircase,81,0.5350967000704259,['q'],1,180,,0.375,0,,0,30,Man,Right,
0,Staircase,82,0.8989087000954896,['q'],1,180,,0.06666666666666667,0,,0,30,Man,Right,
0,Staircase,83,0.562967199832201,['q'],1,180,,0.4583333333333333,0,,0,30,Man,Right,
0,Staircase,84,0.5391607000492513,['q'],1,180,,0.31666666666666665,0,,0,30,Man,Right,
0,Staircase,85,0.47292279987595975,['q'],1,180,,0.9416666666666667,0,,0,30,Man,Right,
0,Staircase,86,0.6868452997878194,['q'],1,180,,0.4583333333333333,0,,0,30,Man,Right,
0,Staircase,87,0.5942164999432862,['q'],1,180,,0.4166666666666667,0,,0,30,Man,Right,
0,Staircase,88,0.770978800021112,['q'],1,180,,0.43333333333333335,0,,0,30,Man,Right,
0,Staircase,89,0.565702100051567,['q'],1,180,,0.675,0,,0,30,Man,Right,
0,Staircase,90,0.5232484999578446,['e'],1,0,,0.9166666666666666,0,,0,30,Man,Right,
0,Staircase,91,0.5444334999192506,['q'],1,180,,0.39166666666666666,0,,0,30,Man,Right,
0,Staircase,92,0.48913139989599586,['q'],1,180,,0.4583333333333333,0,,0,30,Man,Right,
0,Staircase,93,0.5341213000938296,['e'],1,0,,0.8166666666666667,0,,0,30,Man,Right,
0,Staircase,94,0.4878808001521975,['e'],1,0,,0.23333333333333334,0,,0,30,Man,Right,
0,Staircase,95,0.4412965001538396,['e'],1,0,,0.8583333333333333,0,,0,30,Man,Right,
0,Staircase,96,0.7504547000862658,['e'],1,0,,0.15,0,,0,30,Man,Right,
0,Staircase,97,1.313960999948904,['q'],1,180,,0.175,0,,0,30,Man,Right,
0,Staircase,98,0.4411538999993354,['e'],1,0,,0.775,0,,0,30,Man,Right,
0,Staircase,99,0.49829789996147156,['q'],1,180,,0.175,0,,0,30,Man,Right,
0,Staircase,100,0.5210424000397325,['e'],1,0,,0.6333333333333333,0,,0,30,Man,Right,
0,Staircase,101,0.4694988999981433,['q'],1,180,,0.49166666666666664,0,,0,30,Man,Right,
0,Staircase,102,0.49182130000554025,['q'],1,180,,0.6333333333333333,0,,0,30,Man,Right,
0,Staircase,103,0.4381825001910329,['e'],1,0,,0.7166666666666667,0,,0,30,Man,Right,
0,Staircase,104,0.677744299871847,['e'],0,180,,0.05,0,,0,30,Man,Right,
0,Staircase,105,0.5213261998724192,['q'],1,180,,0.7,0,,0,30,Man,Right,
0,Staircase,106,5.450043600052595,['q'],1,180,,0.13333333333333333,0,,0,30,Man,Right,
0,Staircase,107,1.05130310007371,['e'],1,0,,0.31666666666666665,0,,0,30,Man,Right,
0,Staircase,108,0.4431563999969512,['e'],0,180,,0.39166666666666666,0,,0,30,Man,Right,
0,Staircase,109,1.0283339000307024,['e'],1,0,,0.875,0,,0,30,Man,Right,
0,Staircase,110,0.45687410002574325,['q'],1,180,,0.5583333333333333,0,,0,30,Man,Right,
0,Staircase,111,0.4110824998933822,['e'],1,0,,0.4583333333333333,0,,0,30,Man,Right,
0,Staircase,112,0.574498699977994,['q'],1,180,,0.5583333333333333,0,,0,30,Man,Right,
0,Staircase,113,0.4916353998705745,['q'],1,180,,0.8583333333333333,0,,0,30,Man,Right,
0,Staircase,114,0.5280590001493692,['e'],0,180,,0.03333333333333333,0,,0,30,Man,Right,
0,Staircase,115,1.315538400085643,['e'],1,0,,0.03333333333333333,0,,0,30,Man,Right,
0,Staircase,116,0.5141511000692844,['e'],1,0,,0.31666666666666665,0,,0,30,Man,Right,
0,Staircase,117,0.6077175000682473,['q'],1,180,,0.8,0,,0,30,Man,Right,
0,Staircase,118,0.7315318000037223,['q'],1,180,,0.7333333333333333,0,,0,30,Man,Right,
0,Staircase,119,0.5937115999404341,['q'],1,180,,0.9,0,,0,30,Man,Right,
0,Staircase,120,0.5878924999851733,['q'],1,180,,0.7333333333333333,0,,0,30,Man,Right,
0,Staircase,121,0.5223590000532568,['q'],1,180,,0.575,0,,0,30,Man,Right,
0,Staircase,122,0.59795630001463,['e'],1,0,,0.6,0,,0,30,Man,Right,
0,Staircase,123,0.6234277000185102,['q'],1,180,,0.31666666666666665,0,,0,30,Man,Right,
0,Staircase,124,0.6425222000107169,['q'],1,180,,0.6583333333333333,0,,0,30,Man,Right,
0,Staircase,125,0.7001877999864519,['q'],1,180,,0.20833333333333334,0,,0,30,Man,Right,
0,Staircase,126,0.5758815000299364,['e'],1,0,,0.06666666666666667,0,,0,30,Man,Right,
0,Staircase,127,0.5373064999002963,['e'],1,0,,0.9416666666666667,0,,0,30,Man,Right,
0,Staircase,128,0.4768358999863267,['q'],1,180,,1.0,0,,0,30,Man,Right,
0,Staircase,129,0.45372900017537177,['e'],1,0,,0.9166666666666666,0,,0,30,Man,Right,
0,Staircase,130,0.42191920010372996,['e'],1,0,,0.4166666666666667,0,,0,30,Man,Right,
0,Staircase,131,0.4465393000282347,['e'],1,0,,0.575,0,,0,30,Man,Right,
0,Staircase,132,0.43145429994910955,['e'],1,0,,1.0,0,,0,30,Man,Right,
0,Staircase,133,0.43402879987843335,['e'],1,0,,0.6166666666666667,0,,0,30,Man,Right,
0,Staircase,134,0.5817449998576194,['e'],1,0,,0.8,0,,0,30,Man,Right,
0,Staircase,135,0.6563991999719292,['e'],1,0,,1.0,0,,0,30,Man,Right,
0,Staircase,136,1.1397805002052337,['q'],1,180,,0.23333333333333334,0,,0,30,Man,Right,
0,Staircase,137,1.0901861998718232,['e'],1,0,,0.05,0,,0,30,Man,Right,
0,Staircase,138,0.8009772999212146,['e'],1,0,,0.008333333333333333,0,,0,30,Man,Right,
0,Staircase,139,0.5912277000024915,['q'],1,180,,0.375,0,,0,30,Man,Right,
0,Staircase,140,0.5380583999212831,['q'],1,180,,0.775,0,,0,30,Man,Right,
0,Staircase,141,0.5078614000231028,['e'],1,0,,0.4583333333333333,0,,0,30,Man,Right,
0,Staircase,142,0.5800668001174927,['e'],1,0,,0.6583333333333333,0,,0,30,Man,Right,
0,Staircase,143,0.4550870999228209,['q'],1,180,,0.6333333333333333,0,,0,30,Man,Right,
0,Staircase,144,0.9644937999546528,['q'],1,180,,0.9833333333333333,0,,0,30,Man,Right,
0,Staircase,145,0.6683784001506865,['q'],1,180,,0.5166666666666667,0,,0,30,Man,Right,
0,Staircase,146,0.9491046001203358,['q'],1,180,,0.6583333333333333,0,,0,30,Man,Right,
0,Staircase,147,0.6362782998476177,['q'],0,0,,0.06666666666666667,0,,0,30,Man,Right,
0,Staircase,148,0.8686901999171823,['q'],1,180,,0.5166666666666667,0,,0,30,Man,Right,
0,Staircase,149,0.5845037000253797,['e'],1,0,,0.775,0,,0,30,Man,Right,
0,Staircase,150,0.4111762000247836,['e'],1,0,,0.6583333333333333,0,,0,30,Man,Right,
,,,,,,,,,,0.1974745294626401,0,30,Man,Right,
