block,Trialtype,withinblocktrial,RTdec,resp,cor,dots direction,cor_resp,coherence,interval,interTrial.interval,Mean,Standard deviation,SR_conf,RTrating,sub,age,gender,handedness,
0,Training - easy,0,0.40565329999662936,['left'],1,0,right,0.8,,,,,,,0,30,Man,Right,
0,Training - easy,1,0.4481303000357002,['right'],1,180,left,0.8,,,,,,,0,30,Man,Right,
0,Training - easy,2,0.41696180001599714,['right'],1,180,left,0.8,,,,,,,0,30,Man,Right,
0,Training - easy,3,0.3527701999992132,['left'],1,0,right,0.8,,,,,,,0,30,Man,Right,
0,Training - easy,4,0.3688482000143267,['left'],1,0,right,0.8,,,,,,,0,30,Man,Right,
0,Training - hard,0,0.4760093999793753,['right'],0,0,right,0.4,,,,,,,0,30,Man,Right,
0,Training - hard,1,0.5681244999868795,['right'],1,180,left,0.4,,,,,,,0,30,Man,Right,
0,Training - hard,2,0.2808118999819271,['left'],1,0,right,0.4,,,,,,,0,30,Man,Right,
0,Training - hard,3,0.4978289999999106,['right'],1,180,left,0.4,,,,,,,0,30,Man,Right,
0,Training - hard,4,0.6178520999965258,['left'],1,0,right,0.4,,,,,,,0,30,Man,Right,
1,Main,1,0.5377813999657519,['left'],1,0,right,0.5353061224489796,3.9498657865439832,1.0275632583543386,4.125,0.5,0.6799999999999999,0.9731355999829248,0,30,Man,Right,
1,Main,2,0.5362470000400208,['right'],1,180,left,0.45448979591836736,4.126668496263361,1.017811800012405,4.125,0.5,0.76,1.0617148000164889,0,30,Man,Right,
1,Main,3,0.5453147999942303,['right'],1,180,left,0.39387755102040817,3.9837800722088765,2.407795814768994,4.125,0.5,0.32000000000000006,1.0133346000220627,0,30,Man,Right,
1,Main,4,0.5390764999901876,['right'],1,180,left,0.333265306122449,4.837154076186597,3.4959683942849633,4.125,0.5,0.32000000000000006,1.3840536999632604,0,30,Man,Right,
1,Main,5,0.552411500015296,['left'],1,0,right,0.2726530612244898,4.264175579803614,1.1903038177297685,4.125,0.5,0.19999999999999996,1.3219098999979906,0,30,Man,Right,
1,Main,6,0.8250184999778867,['left'],1,0,right,0.2524489795918367,3.192858083830346,2.29756725519687,4.125,0.5,0.26,1.8818903000210412,0,30,Man,Right,
1,Main,7,0.5018414999940433,['left'],1,0,right,0.2120408163265306,3.6671920844374517,3.6301790713174644,4.125,0.5,0.17999999999999994,1.3178863999783061,0,30,Man,Right,
1,Main,8,0.7019697999930941,['right'],0,0,right,0.19183673469387755,3.8930394797524555,1.322959119140938,4.125,0.5,-0.14,1.193101699987892,0,30,Man,Right,
1,Main,9,1.0429979999898933,['left'],1,0,right,0.3130612244897959,4.888747098256667,2.650469051319366,4.125,0.5,0.32000000000000006,2.7870357999927364,0,30,Man,Right,
1,Main,10,0.68059440003708,['left'],1,0,right,0.29285714285714287,3.6346507084052297,1.470114203337538,4.125,0.5,0.26,2.262310400023125,0,30,Man,Right,
1,Main,11,0.6793721999856643,['left'],1,0,right,0.2726530612244898,4.592165639445942,3.443237989152475,4.125,0.5,-0.14,1.0863198000006378,0,30,Man,Right,
1,Main,12,0.5736867000232451,['right'],1,180,left,0.23224489795918368,4.463542149566666,3.668078769075726,4.125,0.5,0.28,1.0762908000033349,0,30,Man,Right,
1,Main,13,0.5969252999639139,['left'],0,180,left,0.2120408163265306,4.40376141274614,3.0174683724544695,4.125,0.5,-0.30000000000000004,1.8948888999875635,0,30,Man,Right,
1,Main,14,0.6490507000125945,['left'],0,180,left,0.3130612244897959,4.828115883237567,3.7170891737775373,4.125,0.5,-0.43999999999999995,1.6042237000074238,0,30,Man,Right,
1,Main,15,0.5167500000097789,['left'],1,0,right,0.39387755102040817,4.272903301521261,1.440466510351085,4.125,0.5,0.41999999999999993,1.1457667999784462,0,30,Man,Right,
1,Main,16,0.5905775999999605,['right'],1,180,left,0.3736734693877551,4.280255337198674,1.826833728946083,4.125,0.5,0.56,1.6763664000318386,0,30,Man,Right,
1,Main,17,0.723273399984464,['left'],1,0,right,0.35346938775510206,4.126103221364768,2.421445631120072,4.125,0.5,0.48,1.0301420000032522,0,30,Man,Right,
1,Main,18,0.49417239998001605,['right'],1,180,left,0.3130612244897959,4.4796526089661715,1.8246267594141887,4.125,0.5,-0.040000000000000036,0.9990801999811083,0,30,Man,Right,
1,Main,19,0.5256422000238672,['left'],1,0,right,0.29285714285714287,3.5955177178851354,3.9286918863130076,4.125,0.5,0.17999999999999994,1.0942876000190154,0,30,Man,Right,
1,Main,20,0.8375842000241391,['left'],1,0,right,0.2726530612244898,4.137379454193541,1.8569039303447419,4.125,0.5,0.10000000000000009,1.2341504999785684,0,30,Man,Right,
1,Main,21,0.5759909999906085,['right'],1,180,left,0.2524489795918367,3.5486569103077787,1.200515972512354,4.125,0.5,None,None,0,30,Man,Right,
1,Main,22,0.5274473000317812,['left'],0,180,left,0.23224489795918368,4.124387762698619,1.71190899032373,4.125,0.5,-0.19999999999999996,1.402085600013379,0,30,Man,Right,
1,Main,23,0.5533830000204034,['right'],1,180,left,0.3130612244897959,3.498815273448705,2.2143951181002453,4.125,0.5,0.3999999999999999,0.9854679999989457,0,30,Man,Right,
1,Main,24,0.4694036000291817,['right'],1,180,left,0.29285714285714287,4.272295393268608,1.930663028875,4.125,0.5,0.30000000000000004,0.8954655999550596,0,30,Man,Right,
1,Main,25,0.5020562999998219,['left'],1,0,right,0.29285714285714287,4.286968682194713,2.91930884056985,4.125,0.5,0.41999999999999993,1.215261199977249,0,30,Man,Right,
2,Main,1,0.5511769000440836,['left'],1,0,right,0.1716326530612245,4.061729370535657,2.671399313593614,4.125,0.05,0.0,0.4551849999697879,0,30,Man,Right,
2,Main,2,0.6279334000428207,['right'],1,180,left,0.29285714285714287,4.184535762519976,3.2437451583892543,4.125,0.05,0.21999999999999997,0.9262958000181243,0,30,Man,Right,
2,Main,3,0.6230262000462972,['left'],1,0,right,0.13122448979591836,4.043469575675932,2.882190664732432,4.125,0.05,0.28,1.2789462999789976,0,30,Man,Right,
2,Main,4,0.46619120001560077,['right'],1,180,left,0.13122448979591836,4.056549871942529,2.3379781232365175,4.125,0.05,0.17999999999999994,1.1925708000198938,0,30,Man,Right,
2,Main,5,0.6439373000175692,['left'],0,180,left,0.19183673469387755,4.143216524489161,3.5591127133094824,4.125,0.05,-0.21999999999999997,1.150298099964857,0,30,Man,Right,
2,Main,6,0.6238004000042565,['right'],1,180,left,0.2120408163265306,4.149884708442265,3.9010478153667396,4.125,0.05,0.32000000000000006,1.1736733000143431,0,30,Man,Right,
2,Main,7,0.5993758999975398,['left'],1,0,right,0.15142857142857144,4.159327767032605,2.688492410672682,4.125,0.05,0.08000000000000007,0.8874782999628223,0,30,Man,Right,
2,Main,8,0.7107879999675788,['right'],1,180,left,0.19183673469387755,4.175147593867935,1.5110320418769891,4.125,0.05,-0.18000000000000005,1.0365400000009686,0,30,Man,Right,
2,Main,9,0.6547572999843396,['right'],1,180,left,0.09081632653061224,4.080282348269454,2.7539001264731358,4.125,0.05,0.020000000000000018,2.023879599990323,0,30,Man,Right,
2,Main,10,0.510326299990993,['left'],1,0,right,0.1716326530612245,4.079465988373638,2.521729302501744,4.125,0.05,0.3400000000000001,2.7303613999974914,0,30,Man,Right,
2,Main,11,0.5781667999690399,['left'],0,180,left,0.11102040816326529,4.0673578811283075,3.4688855914799435,4.125,0.05,-0.24,1.2764991000294685,0,30,Man,Right,
2,Main,12,0.8797030000132509,['left'],1,0,right,0.19183673469387755,4.066385295187442,2.2364218139873153,4.125,0.05,0.17999999999999994,1.0790405999869108,0,30,Man,Right,
2,Main,13,0.5130653000087477,['left'],1,0,right,0.1716326530612245,4.079202666440355,1.6837449379696048,4.125,0.05,0.24,1.2527367000002414,0,30,Man,Right,
2,Main,14,0.7153182000038214,['right'],0,0,right,0.13122448979591836,4.1192753941307,2.3557207612692395,4.125,0.05,-0.18000000000000005,0.913587799994275,0,30,Man,Right,
2,Main,15,0.6759978999616578,['right'],0,0,right,0.1716326530612245,4.106609445382601,3.206932180956984,4.125,0.05,-0.16000000000000003,1.2171177999698557,0,30,Man,Right,
2,Main,16,0.6106038999860175,['right'],1,180,left,0.19183673469387755,4.113388869067888,2.5071638188399237,4.125,0.05,0.17999999999999994,0.9312846999964677,0,30,Man,Right,
2,Main,17,0.6923119000275619,['left'],0,180,left,0.3130612244897959,4.120061257696044,2.9901052336515073,4.125,0.05,-0.36,1.1532762999995612,0,30,Man,Right,
2,Main,18,0.6916118000517599,['right'],1,180,left,0.23224489795918368,4.1297339254444365,3.2910593180940584,4.125,0.05,0.32000000000000006,1.245189399982337,0,30,Man,Right,
2,Main,19,0.6417936999932863,['right'],1,180,left,0.29285714285714287,4.152558459145917,2.160891141065233,4.125,0.05,-0.16000000000000003,1.2061610000091605,0,30,Man,Right,
2,Main,20,0.90406669996446,['left'],1,0,right,0.29285714285714287,4.153040348648866,1.687655515448836,4.125,0.05,0.26,0.8006047999951988,0,30,Man,Right,
2,Main,21,0.5785276999813505,['right'],0,0,right,0.2726530612244898,4.199355275326277,2.0279684738931425,4.125,0.05,-0.36,0.9457760999794118,0,30,Man,Right,
2,Main,22,0.48884710000129417,['left'],1,0,right,0.35346938775510206,4.15232845417262,2.3622459491148002,4.125,0.05,0.32000000000000006,1.2351649000192992,0,30,Man,Right,
2,Main,23,0.5030204999493435,['right'],1,180,left,0.35346938775510206,4.098734186479015,1.41335210731934,4.125,0.05,0.32000000000000006,1.1715693000005558,0,30,Man,Right,
2,Main,24,0.5365200999658555,['left'],1,0,right,0.4140816326530612,4.11680887266256,1.350153940608597,4.125,0.05,0.52,1.1360846000025049,0,30,Man,Right,
2,Main,25,0.682389100024011,['left'],1,0,right,0.35346938775510206,4.058979895621233,3.0373411752730664,4.125,0.05,0.45999999999999996,1.1897669999743812,0,30,Man,Right,
3,Main,1,0.48469339997973293,['left'],1,0,right,0.4140816326530612,2.3538287083282396,1.2455343785208646,2.375,0.05,0.6399999999999999,1.24606680002762,0,30,Man,Right,
3,Main,2,0.5372949999873526,['right'],0,0,right,0.333265306122449,2.4007382745786643,3.941233127604618,2.375,0.05,-0.6799999999999999,1.2858582000480965,0,30,Man,Right,
3,Main,3,0.5409764000214636,['right'],1,180,left,0.35346938775510206,2.388677435482352,3.1061711699427024,2.375,0.05,0.6000000000000001,1.5854594000265934,0,30,Man,Right,
3,Main,4,0.5106717000016943,['right'],1,180,left,0.3130612244897959,2.4641646279144975,3.3939663759213063,2.375,0.05,-0.16000000000000003,0.7789515000185929,0,30,Man,Right,
3,Main,5,0.5880104000098072,['right'],1,180,left,0.4746938775510204,2.2983207626469113,2.9362731482549753,2.375,0.05,0.6200000000000001,0.9406283000134863,0,30,Man,Right,
3,Main,6,0.49651550000999123,['left'],1,0,right,0.3736734693877551,2.4186281545858503,2.4444199695445534,2.375,0.05,0.3799999999999999,0.9432793000014499,0,30,Man,Right,
3,Main,7,0.6055964999832213,['left'],1,0,right,0.3130612244897959,2.4823505420022003,2.3055667111685576,2.375,0.05,0.6200000000000001,1.5565712999668904,0,30,Man,Right,
3,Main,8,0.5098946000216529,['left'],1,0,right,0.09081632653061224,2.50988878758018,2.710171549781031,2.375,0.05,0.0,0.48369899997487664,0,30,Man,Right,
3,Main,9,0.7042218000278808,['right'],1,180,left,0.1716326530612245,2.348011920061379,2.654177986263969,2.375,0.05,-0.21999999999999997,0.922162999981083,0,30,Man,Right,
3,Main,10,0.46104920003563166,['left'],1,0,right,0.2726530612244898,2.3817601590906627,1.7874869767588877,2.375,0.05,0.3400000000000001,0.8957658999715932,0,30,Man,Right,
3,Main,11,0.494270300026983,['right'],1,180,left,0.19183673469387755,2.324585458748082,3.756519911354214,2.375,0.05,-0.28,0.8521952999872155,0,30,Man,Right,
3,Main,12,0.5753914999659173,['right'],1,180,left,0.3736734693877551,2.411593084685991,3.7096245545619992,2.375,0.05,0.52,0.8617636999697424,0,30,Man,Right,
3,Main,13,0.5873624000232667,['left'],0,180,left,0.05040816326530612,2.333364242699803,1.986988368670111,2.375,0.05,0.0,1.420713400002569,0,30,Man,Right,
3,Main,14,0.5466103999642655,['left'],1,0,right,0.29285714285714287,2.4523465964205284,2.6538674662199466,2.375,0.05,-0.07999999999999996,0.7950135999708436,0,30,Man,Right,
3,Main,15,0.5783589000348002,['right'],1,180,left,0.19183673469387755,2.4750192398260205,2.170644803138742,2.375,0.05,0.32000000000000006,0.737342499953229,0,30,Man,Right,
3,Main,16,0.5297627000254579,['left'],1,0,right,0.39387755102040817,2.4240728449760276,1.3978073029818163,2.375,0.05,0.3999999999999999,0.7538536999491043,0,30,Man,Right,
3,Main,17,0.667737300042063,['right'],1,180,left,0.3130612244897959,2.340512912441985,2.3543399701532994,2.375,0.05,0.3999999999999999,0.7101770000299439,0,30,Man,Right,
3,Main,18,0.5286049999995157,['left'],1,0,right,0.19183673469387755,2.4308742139413977,1.7942009592556587,2.375,0.05,0.52,0.8812935000169091,0,30,Man,Right,
3,Main,19,0.5384138000081293,['right'],1,180,left,0.9191836734693878,2.2474150239716377,2.368870404343908,2.375,0.05,0.96,1.0071581000229344,0,30,Man,Right,
3,Main,20,0.61462260002736,['left'],0,180,left,0.11102040816326529,2.3369953704485105,3.25774109432534,2.375,0.05,-0.18000000000000005,1.4924757000408135,0,30,Man,Right,
3,Main,21,0.5255980000365525,['left'],1,0,right,0.15142857142857144,2.4059015353760267,2.5610776023201325,2.375,0.05,0.3400000000000001,0.634811100026127,0,30,Man,Right,
3,Main,22,0.4729143000440672,['left'],1,0,right,0.3130612244897959,2.4484162666947413,3.6889968769666384,2.375,0.05,0.6799999999999999,0.9240203000372276,0,30,Man,Right,
3,Main,23,0.5594390999758616,['left'],1,0,right,0.8787755102040816,2.4242187423368424,1.049762202269185,2.375,0.05,0.96,1.2538851000135764,0,30,Man,Right,
3,Main,24,0.7499053999781609,['left'],1,0,right,0.8989795918367347,2.3789285737492367,2.9327454226984306,2.375,0.05,0.8999999999999999,1.3715178999700584,0,30,Man,Right,
3,Main,25,0.767598900012672,['right'],1,180,left,0.2726530612244898,2.4168450712396843,3.1957678704972636,2.375,0.05,0.52,1.7489571000332944,0,30,Man,Right,
4,Main,1,0.6511578999925405,['right'],0,0,right,0.23224489795918368,1.7704099531070283,1.4778175629275352,2.375,0.5,-0.24,0.9303236999548972,0,30,Man,Right,
4,Main,2,0.4876287000370212,['right'],1,180,left,0.9191836734693878,2.8370844423387798,3.0507325829506438,2.375,0.5,0.96,1.3498662000056356,0,30,Man,Right,
4,Main,3,0.5319999000057578,['right'],1,180,left,0.333265306122449,3.0591040742974345,2.0480462583257246,2.375,0.5,0.76,1.1738726000185125,0,30,Man,Right,
4,Main,4,0.6348053000401706,['right'],1,180,left,0.2120408163265306,2.410386912355051,1.0536936803641443,2.375,0.5,0.6399999999999999,1.3595645999885164,0,30,Man,Right,
4,Main,5,0.6135839000344276,['left'],1,0,right,0.8989795918367347,2.60260454917277,2.500852025669775,2.375,0.5,0.98,1.2416368999984115,0,30,Man,Right,
4,Main,6,0.7151805000030436,['left'],1,0,right,0.2120408163265306,2.283920315231273,2.826382084730061,2.375,0.5,0.28,1.1652985999826342,0,30,Man,Right,
4,Main,7,0.47129359998507425,['left'],1,0,right,0.8383673469387755,2.155425994858608,1.8128410658621772,2.375,0.5,0.94,1.6334259000141174,0,30,Man,Right,
4,Main,8,0.5530803000438027,['right'],1,180,left,0.8787755102040816,2.4549125017280784,3.402996357013494,2.375,0.5,0.94,0.9983311999822035,0,30,Man,Right,
4,Main,9,0.46201130002737045,['left'],1,0,right,1.0,3.162926682208931,2.4884451437153023,2.375,0.5,0.98,1.1843249999801628,0,30,Man,Right,
4,Main,10,0.4935305999824777,['left'],1,0,right,0.4342857142857143,1.8949447211595947,1.014987110355868,2.375,0.5,0.6399999999999999,1.1484897999907844,0,30,Man,Right,
4,Main,11,0.5507573999930173,['right'],1,180,left,0.39387755102040817,2.671416358165707,1.9589284524728086,2.375,0.5,0.52,0.812028200016357,0,30,Man,Right,
4,Main,12,0.47449420002521947,['left'],1,0,right,0.8383673469387755,3.1863665208417826,3.7127421068449937,2.375,0.5,0.5800000000000001,0.7203165999962948,0,30,Man,Right,
4,Main,13,0.5194763999897987,['left'],0,180,left,0.5151020408163265,1.6143623337210955,1.6195153753309035,2.375,0.5,-0.74,1.6043689000071026,0,30,Man,Right,
4,Main,14,0.5810650000348687,['right'],1,180,left,0.39387755102040817,3.0326279731274366,2.498781560069116,2.375,0.5,0.5,0.7470200000097975,0,30,Man,Right,
4,Main,15,0.5009008999913931,['right'],1,180,left,0.8787755102040816,2.7159194115251455,3.0223202577690205,2.375,0.5,0.96,0.8182872000033967,0,30,Man,Right,
4,Main,16,0.561431999958586,['left'],1,0,right,0.9595918367346938,2.552962398794702,3.4463996852586063,2.375,0.5,0.96,1.3903116000001319,0,30,Man,Right,
4,Main,17,0.5025193000328727,['left'],1,0,right,0.11102040816326529,1.5706594312009565,1.875600103852852,2.375,0.5,0.30000000000000004,1.2135397999663837,0,30,Man,Right,
4,Main,18,0.5240139999659732,['left'],1,0,right,0.3736734693877551,2.0647607056736996,2.5843404133096244,2.375,0.5,0.9199999999999999,1.160442200023681,0,30,Man,Right,
4,Main,19,0.8982548000058159,['left'],0,180,left,0.07061224489795918,2.5768577935955688,3.057932034278692,2.375,0.5,-0.06000000000000005,1.405158500012476,0,30,Man,Right,
4,Main,20,0.540275199979078,['right'],1,180,left,0.8383673469387755,1.93301288382583,3.5862559799565235,2.375,0.5,0.94,0.9907880999962799,0,30,Man,Right,
4,Main,21,0.5283965999842621,['left'],1,0,right,0.3130612244897959,2.743519633631408,2.4673142890852233,2.375,0.5,0.3600000000000001,0.7009267000248656,0,30,Man,Right,
4,Main,22,0.5152408999856561,['left'],1,0,right,0.29285714285714287,1.538173903717464,1.0342561599102527,2.375,0.5,0.3600000000000001,1.4937843000516295,0,30,Man,Right,
4,Main,23,0.6480693999910727,['left'],1,0,right,0.19183673469387755,2.7044246703236596,1.1698566047430252,2.375,0.5,0.15999999999999992,0.7430144000099972,0,30,Man,Right,
4,Main,24,0.5281323000090197,['right'],1,180,left,0.3130612244897959,2.5263325795957186,3.5490278633227126,2.375,0.5,0.1399999999999999,1.0855173000018112,0,30,Man,Right,
4,Main,25,0.7834838000126183,['right'],1,180,left,0.2726530612244898,1.7546918105212188,1.8976655560139921,2.375,0.5,0.24,1.261587299988605,0,30,Man,Right,
